studentName,studentId,studentUsername,studentPassword
John Smith,123456,jsmith,js123
DungTran,123457,dtran,dtran123
Carl,123458,carl,carl123
Hoang Strickland,123459,hstrickland,hstrickland123
Anh Nguyen,123460,anhnguyen,anhnguyen123
Elvis,123461,elvis,elvis123
Phuong,123462,phuong,phuong123
Paul,123463,paul,paul123
Charles,123464,charles,charles123
CuongTran,123465,cuongtran,cuongtran123
Dung Nguyen,123466,dungnguyen,dungnguyen123
Tri Le,123467,trile,trile123
Kate,123468,kate,kate123
